Date,Average Temperature (Â°C),Precipitation (mm)
2022-01-01,13.8,11.2
2022-01-02,15.3,3.3
2022-01-03,3.2,25.1
2022-01-04,-1.3,0.0
2022-01-05,1.2,0.0
2022-01-06,4.7,0.0
2022-01-07,0.2,4.8
2022-01-08,-2.8,0.0
2022-01-09,1.8,14.7
2022-01-10,3.2,0.0
2022-01-11,-2.7,0.0
2022-01-12,-0.2,0.0
2022-01-13,4.1,0.0
2022-01-14,5.9,0.0
2022-01-15,-1.5,0.0
2022-01-16,-5.8,22.9
2022-01-17,2.8,0.5
2022-01-18,2.7,0.0
2022-01-19,3.7,0.8
2022-01-20,5.6,7.1
2022-01-21,-3.9,0.0
2022-01-22,-4.2,0.0
2022-01-23,-0.7,0.0
2022-01-24,2.4,0.0
2022-01-25,3.9,0.0
2022-01-26,-1.2,0.0
2022-01-27,-2.6,0.0
2022-01-28,1.3,3.0
2022-01-29,-2.2,0.0
2022-01-30,-4.4,0.0
2022-01-31,-0.9,0.0
2022-02-01,0.1,0.0
2022-02-02,2.3,0.0
2022-02-03,6.9,12.7
2022-02-04,10.1,27.4
2022-02-05,0.7,0.0
2022-02-06,-1.5,0.0
2022-02-07,2.5,1.8
2022-02-08,4.5,0.0
2022-02-09,4.4,0.0
2022-02-10,8.8,0.0
2022-02-11,8.7,0.0
2022-02-12,12.5,0.0
2022-02-13,3.9,1.3
2022-02-14,-1.5,0.0
2022-02-15,-1.3,0.0
2022-02-16,3.0,0.0
2022-02-17,12.5,0.0
2022-02-18,12.2,0.3
2022-02-19,2.6,0.0
2022-02-20,-0.8,0.0
2022-02-21,6.9,0.0
2022-02-22,11.4,1.8
2022-02-23,18.2,0.3
2022-02-24,4.5,8.9
2022-02-25,4.1,4.8
2022-02-26,3.5,0.0
2022-02-27,6.2,0.0
2022-02-28,7.3,0.0
2022-03-01,5.2,0.0
2022-03-02,10.5,0.0
2022-03-03,10.4,0.0
2022-03-04,3.2,0.0
2022-03-05,7.3,0.0
2022-03-06,16.7,0.0
2022-03-07,21.1,0.8
2022-03-08,11.6,0.0
2022-03-09,6.9,19.6
2022-03-10,6.6,0.0
2022-03-11,9.3,0.0
2022-03-12,5.1,14.7
2022-03-13,-1.4,0.0
2022-03-14,6.7,0.0
2022-03-15,11.8,0.0
2022-03-16,14.2,0.0
2022-03-17,12.9,21.8
2022-03-18,14.1,0.0
2022-03-19,18.2,0.0
2022-03-20,14.9,0.0
2022-03-21,13.5,0.0
2022-03-22,15.0,0.0
2022-03-23,11.4,12.4
2022-03-24,12.3,0.5
2022-03-25,12.9,0.0
2022-03-26,10.4,0.0
2022-03-27,5.7,0.0
2022-03-28,1.7,0.0
2022-03-29,0.9,0.0
2022-03-30,7.4,0.5
2022-03-31,16.2,0.0
2022-04-01,14.4,5.3
2022-04-02,8.8,0.0
2022-04-03,11.0,0.0
2022-04-04,8.9,0.0
2022-04-05,10.9,21.3
2022-04-06,13.1,21.8
2022-04-07,11.7,17.3
2022-04-08,12.3,3.8
2022-04-09,10.5,1.0
2022-04-10,8.9,0.0
2022-04-11,10.8,0.0
2022-04-12,17.0,0.0
2022-04-13,20.7,0.0
2022-04-14,24.1,0.8
2022-04-15,16.6,0.0
2022-04-16,18.9,0.0
2022-04-17,13.7,0.0
2022-04-18,8.0,23.1
2022-04-19,7.6,0.0
2022-04-20,10.2,0.0
2022-04-21,13.6,0.0
2022-04-22,17.9,0.0
2022-04-23,18.3,0.0
2022-04-24,19.1,0.0
2022-04-25,16.3,0.0
2022-04-26,16.8,2.5
2022-04-27,13.6,0.0
2022-04-28,9.1,0.0
2022-04-29,12.5,0.0
2022-04-30,13.6,0.0
2022-05-01,14.9,3.3
2022-05-02,17.9,0.0
2022-05-03,18.3,9.1
2022-05-04,17.4,13.2
2022-05-05,17.8,0.0
2022-05-06,15.9,25.4
2022-05-07,12.1,32.8
2022-05-08,9.8,0.0
2022-05-09,13.5,0.0
2022-05-10,16.4,0.0
2022-05-11,17.6,0.0
2022-05-12,18.2,0.0
2022-05-13,19.5,3.6
2022-05-14,20.4,0.0
2022-05-15,20.7,11.2
2022-05-16,20.8,6.9
2022-05-17,21.6,0.0
2022-05-18,19.6,0.3
2022-05-19,21.8,0.8
2022-05-20,25.0,0.0
2022-05-21,28.6,0.0
2022-05-22,26.5,38.1
2022-05-23,20.9,0.0
2022-05-24,16.7,8.1
2022-05-25,17.8,0.0
2022-05-26,19.0,0.0
2022-05-27,21.7,8.4
2022-05-28,21.6,0.5
2022-05-29,23.1,0.0
2022-05-30,24.8,0.0
2022-05-31,27.9,0.0
2022-06-01,29.6,0.0
2022-06-02,26.5,11.7
2022-06-03,23.0,0.0
2022-06-04,23.7,0.0
2022-06-05,22.6,0.0
2022-06-06,22.2,0.0
2022-06-07,21.9,5.1
2022-06-08,24.9,0.5
2022-06-09,24.8,1.5
2022-06-10,22.3,0.0
2022-06-11,21.2,1.8
2022-06-12,21.9,0.3
2022-06-13,26.9,0.3
2022-06-14,26.3,1.0
2022-06-15,26.4,0.0
2022-06-16,26.2,0.0
2022-06-17,28.8,0.0
2022-06-18,24.8,0.0
2022-06-19,21.2,0.0
2022-06-20,22.4,0.0
2022-06-21,24.1,0.0
2022-06-22,25.3,42.2
2022-06-23,21.1,5.6
2022-06-24,23.8,0.0
2022-06-25,25.1,0.0
2022-06-26,26.5,0.0
2022-06-27,25.4,5.3
2022-06-28,23.6,0.0
2022-06-29,24.1,0.0
2022-06-30,27.3,0.0
2022-07-01,27.8,0.0
2022-07-02,28.3,0.0
2022-07-03,26.6,13.5
2022-07-04,26.5,0.0
2022-07-05,25.8,2.3
2022-07-06,29.0,0.0
2022-07-07,26.1,0.8
2022-07-08,26.0,1.0
2022-07-09,23.7,102.9
2022-07-10,23.9,0.0
2022-07-11,24.1,0.0
2022-07-12,25.7,11.2
2022-07-13,26.1,0.0
2022-07-14,26.9,0.0
2022-07-15,27.2,0.0
2022-07-16,26.4,35.1
2022-07-17,25.2,0.3
2022-07-18,27.6,0.0
2022-07-19,28.2,0.0
2022-07-20,28.5,0.0
2022-07-21,29.7,2.0
2022-07-22,29.7,0.0
2022-07-23,30.2,0.0
2022-07-24,28.8,0.0
2022-07-25,29.0,6.6
2022-07-26,25.3,0.0
2022-07-27,26.8,0.0
2022-07-28,28.9,5.1
2022-07-29,26.7,0.5
2022-07-30,26.4,0.0
2022-07-31,26.1,12.2
2022-08-01,25.4,13.0
2022-08-02,28.4,0.0
2022-08-03,28.7,0.0
2022-08-04,29.1,23.6
2022-08-05,26.2,0.0
2022-08-06,26.4,0.0
2022-08-07,27.9,0.0
2022-08-08,28.6,0.0
2022-08-09,29.9,0.0
2022-08-10,28.6,13.2
2022-08-11,25.7,0.0
2022-08-12,25.8,0.0
2022-08-13,23.6,0.0
2022-08-14,24.2,3.0
2022-08-15,22.1,0.3
2022-08-16,23.1,0.0
2022-08-17,23.8,0.0
2022-08-18,23.6,0.0
2022-08-19,25.9,0.0
2022-08-20,26.6,0.0
2022-08-21,25.1,4.1
2022-08-22,25.2,0.8
2022-08-23,26.3,0.0
2022-08-24,26.6,0.0
2022-08-25,26.8,0.0
2022-08-26,27.8,0.0
2022-08-27,27.9,0.0
2022-08-28,27.8,0.0
2022-08-29,28.1,0.0
2022-08-30,27.5,3.6
2022-08-31,25.3,0.0
2022-09-01,25.9,0.0
2022-09-02,26.0,0.0
2022-09-03,26.1,0.0
2022-09-04,26.6,0.0
2022-09-05,26.4,2.3
2022-09-06,25.6,20.8
2022-09-07,23.2,0.5
2022-09-08,22.9,0.0
2022-09-09,23.4,0.0
2022-09-10,23.0,0.0
2022-09-11,24.3,21.8
2022-09-12,25.1,2.8
2022-09-13,24.2,0.0
2022-09-14,21.9,0.0
2022-09-15,22.8,0.0
2022-09-16,21.0,0.0
2022-09-17,22.4,0.0
2022-09-18,22.6,0.0
2022-09-19,24.7,0.0
2022-09-20,25.3,0.0
2022-09-21,24.0,0.0
2022-09-22,23.9,1.0
2022-09-23,16.9,0.0
2022-09-24,16.3,0.0
2022-09-25,19.2,0.3
2022-09-26,21.0,0.0
2022-09-27,19.7,0.0
2022-09-28,16.4,0.0
2022-09-29,16.8,0.0
2022-09-30,15.3,8.1
2022-10-01,15.0,11.7
2022-10-02,15.6,14.0
2022-10-03,11.1,11.4
2022-10-04,10.5,4.3
2022-10-05,13.3,3.0
2022-10-06,17.9,0.0
2022-10-07,18.7,0.0
2022-10-08,14.6,0.0
2022-10-09,12.1,0.0
2022-10-10,13.9,0.0
2022-10-11,15.0,0.0
2022-10-12,15.8,0.0
2022-10-13,18.8,14.5
2022-10-14,16.0,0.3
2022-10-15,15.9,0.0
2022-10-16,16.4,0.5
2022-10-17,16.9,0.8
2022-10-18,10.9,0.0
2022-10-19,8.9,0.0
2022-10-20,10.1,0.0
2022-10-21,12.4,0.0
2022-10-22,13.5,0.0
2022-10-23,13.8,5.1
2022-10-24,15.4,0.0
2022-10-25,16.5,0.0
2022-10-26,16.4,1.0
2022-10-27,15.8,0.0
2022-10-28,12.1,0.0
2022-10-29,12.3,0.0
2022-10-30,10.8,0.0
2022-10-31,14.9,4.1
2022-11-01,17.7,0.0
2022-11-02,17.1,0.0
2022-11-03,15.6,0.0
2022-11-04,16.1,0.0
2022-11-05,20.3,0.0
2022-11-06,21.5,0.5
2022-11-07,21.9,0.0
2022-11-08,15.0,0.0
2022-11-09,11.1,0.0
2022-11-10,13.4,0.0
2022-11-11,18.6,16.3
2022-11-12,20.7,1.5
2022-11-13,10.8,0.0
2022-11-14,6.6,0.0
2022-11-15,4.9,31.0
2022-11-16,6.9,0.0
2022-11-17,5.7,0.0
2022-11-18,4.2,0.0
2022-11-19,4.2,0.0
2022-11-20,3.0,0.0
2022-11-21,2.2,0.0
2022-11-22,6.1,0.0
2022-11-23,7.8,0.0
2022-11-24,7.4,0.0
2022-11-25,10.5,3.8
2022-11-26,9.8,0.0
2022-11-27,9.7,6.1
2022-11-28,11.6,0.0
2022-11-29,7.8,0.0
2022-11-30,10.2,8.1
2022-12-01,6.0,0.0
2022-12-02,4.6,0.0
2022-12-03,11.4,7.9
2022-12-04,7.2,0.0
2022-12-05,4.0,0.0
2022-12-06,6.2,4.3
2022-12-07,11.3,1.3
2022-12-08,11.4,0.0
2022-12-09,8.2,0.0
2022-12-10,4.1,0.0
2022-12-11,6.6,0.0
2022-12-12,6.0,0.0
2022-12-13,3.9,0.0
2022-12-14,1.9,0.0
2022-12-15,3.6,47.8
2022-12-16,7.5,0.0
2022-12-17,6.3,0.0
2022-12-18,4.9,0.0
2022-12-19,2.1,0.0
2022-12-20,1.1,0.0
2022-12-21,2.1,0.0
2022-12-22,3.6,29.5
2022-12-23,5.2,2.8
2022-12-24,-9.8,0.0
2022-12-25,-5.8,0.0
2022-12-26,-2.9,0.0
2022-12-27,1.4,0.0
2022-12-28,2.3,0.0
2022-12-29,4.4,0.0
2022-12-30,6.3,0.0
2022-12-31,10.2,4.6
2023-01-01,11.8,0.0
2023-01-02,9.6,0.0
2023-01-03,13.9,0.0
2023-01-04,15.9,0.0
2023-01-05,14.4,0.0
2023-01-06,9.8,0.0
2023-01-07,7.3,0.0
2023-01-08,3.7,0.3
2023-01-09,5.7,0.0
2023-01-10,4.8,0.0
2023-01-11,4.4,0.5
2023-01-12,7.3,3.8
2023-01-13,10.6,6.1
2023-01-14,3.2,0.0
2023-01-15,1.9,0.0
2023-01-16,4.8,0.0
2023-01-17,5.5,1.3
2023-01-18,8.6,0.0
2023-01-19,7.3,2.3
2023-01-20,8.1,0.0
2023-01-21,5.7,0.0
2023-01-22,3.3,6.1
2023-01-23,5.5,2.3
2023-01-24,5.4,0.0
2023-01-25,4.4,14.2
2023-01-26,7.5,0.0
2023-01-27,4.9,0.0
2023-01-28,5.9,0.0
2023-01-29,7.2,0.8
2023-01-30,8.9,0.0
2023-01-31,6.5,4.3
2023-02-01,2.6,1.0
2023-02-02,2.0,0.0
2023-02-03,1.8,0.0
2023-02-04,-5.2,0.0
2023-02-05,4.6,0.0
2023-02-06,9.8,0.0
2023-02-07,4.8,0.0
2023-02-08,11.3,0.0
2023-02-09,11.7,0.0
2023-02-10,15.4,0.0
2023-02-11,8.3,0.0
2023-02-12,4.8,20.6
2023-02-13,7.3,0.5
2023-02-14,8.7,0.0
2023-02-15,12.3,0.3
2023-02-16,13.4,7.6
2023-02-17,12.8,14.7
2023-02-18,2.6,0.0
2023-02-19,7.6,0.0
2023-02-20,11.8,0.0
2023-02-21,11.9,0.3
2023-02-22,10.1,0.5
2023-02-23,12.5,0.0
2023-02-24,14.7,0.0
2023-02-25,3.6,0.3
2023-02-26,5.3,0.0
2023-02-27,8.7,6.9
2023-02-28,8.6,0.3
2023-03-01,9.2,0.0
2023-03-02,13.0,3.3
2023-03-03,7.6,12.4
2023-03-04,9.7,2.0
2023-03-05,10.5,0.0
2023-03-06,9.5,0.0
2023-03-07,8.4,0.0
2023-03-08,6.6,0.0
2023-03-09,7.9,0.0
2023-03-10,6.6,5.5
2023-03-11,6.0,0.0
2023-03-12,3.3,0.9
2023-03-13,6.3,2.0
2023-03-14,3.7,0.0
2023-03-15,5.2,0.0
2023-03-16,9.5,0.0
2023-03-17,12.9,1.8
2023-03-18,8.9,0.0
2023-03-19,2.9,0.0
2023-03-20,4.9,0.0
2023-03-21,8.7,0.0
2023-03-22,13.3,0.0
2023-03-23,17.8,5.3
2023-03-24,12.9,14.9
2023-03-25,8.7,7.5
2023-03-26,14.4,0.0
2023-03-27,12.6,1.7
2023-03-28,11.7,0.0
2023-03-29,11.3,0.0
2023-03-30,8.2,0.0
2023-03-31,12.3,0.0
2023-04-01,18.1,11.4
2023-04-02,10.8,0.0
2023-04-03,13.5,0.0
2023-04-04,19.3,0.0
2023-04-05,22.5,0.0
2023-04-06,23.3,11.6
2023-04-07,12.8,0.3
2023-04-08,9.6,0.0
2023-04-09,10.9,0.0
2023-04-10,12.1,0.0
2023-04-11,15.9,0.0
2023-04-12,21.1,0.0
2023-04-13,22.0,0.0
2023-04-14,20.4,3.6
2023-04-15,20.4,7.9
2023-04-16,21.4,0.0
2023-04-17,16.9,0.3
2023-04-18,16.2,0.0
2023-04-19,15.8,0.0
2023-04-20,20.6,0.0
2023-04-21,22.1,0.0
2023-04-22,19.0,32.6
2023-04-23,14.3,0.0
2023-04-24,11.8,0.0
2023-04-25,11.9,0.0
2023-04-26,13.8,0.8
2023-04-27,16.1,0.0
2023-04-28,13.6,33.3
2023-04-29,15.4,2.5
2023-04-30,16.4,15.5
2023-05-01,13.9,0.0
2023-05-02,12.6,0.0
2023-05-03,11.3,0.3
2023-05-04,12.2,0.0
2023-05-05,14.9,0.0
2023-05-06,16.7,0.0
2023-05-07,17.2,0.5
2023-05-08,20.9,0.0
2023-05-09,19.0,2.5
2023-05-10,16.3,0.0
2023-05-11,18.2,0.0
2023-05-12,21.5,0.0
2023-05-13,21.2,3.3
2023-05-14,19.9,0.0
2023-05-15,18.7,0.0
2023-05-16,19.8,0.0
2023-05-17,20.8,0.0
2023-05-18,16.0,0.0
2023-05-19,18.0,0.0
2023-05-20,19.3,4.1
2023-05-21,19.9,0.3
2023-05-22,21.7,0.0
2023-05-23,20.2,0.0
2023-05-24,19.6,0.0
2023-05-25,19.4,0.0
2023-05-26,18.4,0.0
2023-05-27,19.3,0.0
2023-05-28,19.1,0.3
2023-05-29,20.2,21.8
2023-05-30,18.8,1.0
2023-05-31,19.3,0.0
2023-06-01,22.5,0.0
2023-06-02,25.6,0.0
2023-06-03,24.3,0.0
2023-06-04,19.4,0.0
2023-06-05,21.0,0.0
2023-06-06,22.8,0.0
2023-06-07,22.4,0.0
2023-06-08,20.6,0.0
2023-06-09,20.4,0.7
2023-06-10,23.1,0.0
2023-06-11,25.3,0.0
2023-06-12,23.8,10.7
2023-06-13,22.1,0.0
2023-06-14,22.4,0.8
2023-06-15,23.3,0.0
2023-06-16,22.9,5.1
2023-06-17,23.5,0.0
2023-06-18,24.8,0.0
2023-06-19,25.5,0.0
2023-06-20,24.4,1.4
2023-06-21,19.0,10.4
2023-06-22,18.2,3.3
2023-06-23,22.0,25.8
2023-06-24,25.4,3.0
2023-06-25,27.1,0.0
2023-06-26,27.2,7.2
2023-06-27,23.5,28.6
2023-06-28,23.9,0.0
2023-06-29,24.5,0.0
2023-06-30,24.8,0.6
2023-07-01,25.3,2.7
2023-07-02,27.1,2.9
2023-07-03,28.1,7.3
2023-07-04,27.8,3.5
2023-07-05,28.4,0.3
2023-07-06,27.8,40.9
2023-07-07,27.1,5.1
2023-07-08,27.3,0.7
2023-07-09,25.5,3.6
2023-07-10,26.1,0.0
2023-07-11,27.4,0.0
2023-07-12,28.1,0.0
2023-07-13,29.2,0.0
2023-07-14,27.2,8.6
2023-07-15,26.6,0.8
2023-07-16,26.8,13.2
2023-07-17,27.8,0.0
2023-07-18,28.0,0.0
2023-07-19,26.7,1.9
2023-07-20,27.6,0.0
2023-07-21,26.4,5.4
2023-07-22,25.8,0.0
2023-07-23,26.2,0.0
2023-07-24,26.3,4.2
2023-07-25,26.6,10.7
2023-07-26,26.5,0.0
2023-07-27,29.4,0.3
2023-07-28,30.1,0.5
2023-07-29,27.7,0.5
2023-07-30,26.4,0.0
2023-07-31,25.4,0.0
2023-08-01,24.0,0.0
2023-08-02,23.8,0.0
2023-08-03,23.2,2.0
2023-08-04,22.2,0.0
2023-08-05,25.6,0.0
2023-08-06,26.6,20.8
2023-08-07,25.9,23.1
2023-08-08,25.1,0.0
2023-08-09,26.3,0.0
2023-08-10,25.8,3.8
2023-08-11,26.0,0.0
2023-08-12,27.2,0.0
2023-08-13,29.1,0.0
2023-08-14,27.7,22.9
2023-08-15,27.0,9.7
2023-08-16,26.1,0.0
2023-08-17,26.9,0.0
2023-08-18,26.4,0.0
2023-08-19,23.2,0.0
2023-08-20,24.7,0.0
2023-08-21,27.6,0.0
2023-08-22,26.9,0.0
2023-08-23,23.5,0.0
2023-08-24,24.0,0.0
2023-08-25,26.9,11.4
2023-08-26,27.9,0.0
2023-08-27,27.6,0.0
2023-08-28,24.9,0.3
2023-08-29,24.5,0.0
2023-08-30,26.3,0.3
2023-08-31,23.7,0.0
2023-09-01,22.1,0.0
2023-09-02,22.9,0.0
2023-09-03,27.6,0.0
2023-09-04,30.1,0.0
2023-09-05,30.0,0.0
2023-09-06,30.2,0.0
2023-09-07,29.3,0.0
2023-09-08,27.4,8.8
2023-09-09,23.6,3.3
2023-09-10,24.1,10.4
2023-09-11,25.8,0.0
2023-09-12,26.3,0.7
2023-09-13,24.9,0.0
2023-09-14,23.2,0.0
2023-09-15,20.2,0.0
2023-09-16,21.0,0.0
2023-09-17,20.1,4.7
2023-09-18,21.0,0.4
2023-09-19,21.0,0.0
2023-09-20,20.9,0.0
2023-09-21,21.3,0.0
2023-09-22,19.8,0.0
2023-09-23,16.6,19.6
2023-09-24,19.1,18.7
2023-09-25,18.7,0.4
2023-09-26,15.9,0.3
2023-09-27,17.3,0.0
2023-09-28,17.1,0.0
2023-09-29,18.8,0.0
2023-09-30,20.5,0.0
2023-10-01,21.9,0.0
2023-10-02,22.6,0.0
2023-10-03,23.2,0.0
2023-10-04,22.1,0.0
2023-10-05,21.0,0.0
2023-10-06,22.5,1.5
2023-10-07,18.0,2.4
2023-10-08,13.1,0.0
2023-10-09,13.0,2.6
2023-10-10,15.2,0.0
2023-10-11,16.4,0.0
2023-10-12,17.5,0.0
2023-10-13,17.3,0.0
2023-10-14,15.3,13.4
2023-10-15,13.1,0.5
2023-10-16,12.7,0.0
2023-10-17,13.5,0.0
2023-10-18,13.9,0.0
2023-10-19,15.0,0.0
2023-10-20,16.0,2.2
2023-10-21,15.5,0.0
2023-10-22,14.0,0.0
2023-10-23,12.4,0.0
2023-10-24,13.3,0.0
2023-10-25,16.4,0.0
2023-10-26,18.5,0.0
2023-10-27,20.4,0.0
2023-10-28,21.9,0.0
2023-10-29,20.8,1.1
2023-10-30,17.2,1.4
2023-10-31,10.5,0.0
2023-11-01,6.9,0.0
2023-11-02,6.7,0.0
2023-11-03,9.2,0.0
2023-11-04,12.2,0.0
2023-11-05,13.8,0.0
2023-11-06,13.4,0.0
2023-11-07,17.6,0.0
2023-11-08,13.6,0.0
2023-11-09,15.9,0.6
2023-11-10,9.8,5.8
2023-11-11,9.1,0.0
2023-11-12,7.7,0.0
2023-11-13,7.4,0.0
2023-11-14,10.7,0.0
2023-11-15,9.6,0.0
2023-11-16,12.3,0.0
2023-11-17,14.4,0.0
2023-11-18,12.9,1.0
2023-11-19,10.1,0.0
2023-11-20,7.4,0.0
2023-11-21,9.0,44.3
2023-11-22,12.1,5.1
2023-11-23,10.2,0.0
2023-11-24,8.7,0.0
2023-11-25,3.9,0.0
2023-11-26,5.4,4.7
2023-11-27,6.2,0.0
2023-11-28,2.2,0.0
2023-11-29,0.6,0.0
2023-11-30,5.7,0.0
2023-12-01,7.6,6.4
2023-12-02,9.7,0.6
2023-12-03,11.5,16.3
2023-12-04,10.0,0.0
2023-12-05,7.4,0.0
2023-12-06,5.7,0.4
2023-12-07,4.8,0.0
2023-12-08,7.8,0.0
2023-12-09,8.3,0.0
2023-12-10,13.3,24.2
2023-12-11,4.9,10.1
2023-12-12,3.9,0.0
2023-12-13,5.6,0.0
2023-12-14,4.1,0.0
2023-12-15,7.4,0.0
2023-12-16,7.8,0.0
2023-12-17,9.6,29.6
2023-12-18,10.5,13.8
2023-12-19,3.7,0.0
2023-12-20,3.1,0.0
2023-12-21,4.7,0.0
2023-12-22,5.7,0.0
2023-12-23,6.3,0.0
2023-12-24,7.5,0.3
2023-12-25,9.1,0.0
2023-12-26,8.2,4.9
2023-12-27,10.2,30.0
2023-12-28,11.8,0.6
2023-12-29,10.1,0.0
2023-12-30,7.0,0.0
2023-12-31,7.1,0.0
2024-01-01,5.6,0.0
2024-01-02,4.8,0.0
2024-01-03,4.2,0.0
2024-01-04,5.6,0.0
2024-01-05,1.1,0.0
2024-01-06,2.4,25.9
2024-01-07,4.5,0.0
2024-01-08,6.3,0.0
2024-01-09,6.6,56.9
2024-01-10,11.1,0.0
2024-01-11,5.8,0.0
2024-01-12,6.3,8.4
2024-01-13,9.9,1.0
2024-01-14,2.7,0.0
2024-01-15,-1.5,7.9
2024-01-16,-1.3,1.0
2024-01-17,-5.4,0.0
2024-01-18,-2.0,0.0
2024-01-19,0.3,7.1
2024-01-20,-3.1,0.0
2024-01-21,-3.6,0.0
2024-01-22,-1.7,0.0
2024-01-23,1.7,0.0
2024-01-24,5.7,0.0
2024-01-25,10.9,2.5
2024-01-26,18.2,1.3
2024-01-27,12.8,5.3
2024-01-28,7.6,32.0
2024-01-29,6.9,0.0
2024-01-30,5.4,0.0
2024-01-31,4.9,0.0
2024-02-01,5.8,0.0
2024-02-02,8.5,1.1
2024-02-03,5.8,0.0
2024-02-04,5.6,0.0
2024-02-05,5.2,0.0
2024-02-06,4.0,0.0
2024-02-07,4.6,0.0
2024-02-08,6.6,0.0
2024-02-09,10.0,0.0
2024-02-10,11.9,0.0
2024-02-11,10.9,1.6
2024-02-12,8.7,2.6
2024-02-13,6.1,20.6
2024-02-14,5.2,0.0
2024-02-15,4.5,0.0
2024-02-16,7.1,0.0
2024-02-17,2.4,6.7
2024-02-18,2.9,0.0
2024-02-19,5.3,0.0
2024-02-20,4.2,0.0
2024-02-21,4.1,0.0
2024-02-22,5.5,2.9
2024-02-23,8.0,1.0
2024-02-24,7.6,0.0
2024-02-25,3.0,0.0
2024-02-26,10.1,0.0
2024-02-27,11.6,3.2
2024-02-28,14.7,19.1
2024-02-29,5.2,0.0
2024-03-01,6.5,2.1
2024-03-02,8.7,17.5
2024-03-03,11.8,0.0
2024-03-04,13.6,0.0
2024-03-05,11.1,13.9
2024-03-06,11.4,10.2
2024-03-07,14.2,0.0
2024-03-08,11.3,0.0
2024-03-09,8.5,16.8
2024-03-10,7.7,0.1
2024-03-11,8.6,0.0
2024-03-12,14.3,0.0
2024-03-13,14.7,0.0
2024-03-14,15.9,0.0
2024-03-15,18.7,0.4
2024-03-16,13.7,0.0
2024-03-17,14.9,0.0
2024-03-18,8.4,0.0
2024-03-19,6.7,0.0
2024-03-20,11.7,0.0
2024-03-21,5.5,0.0
2024-03-22,7.0,0.3
2024-03-23,8.4,25.0
2024-03-24,5.6,0.0
2024-03-25,7.9,0.0
2024-03-26,9.1,0.0
2024-03-27,8.8,22.1
2024-03-28,10.2,3.6
2024-03-29,11.8,0.0
2024-03-30,11.4,1.5
2024-03-31,13.8,0.0
2024-04-01,12.2,5.5
2024-04-02,10.8,9.2
2024-04-03,10.2,11.5
2024-04-04,9.1,0.8
2024-04-05,8.8,0.0
2024-04-06,9.3,0.0
2024-04-07,12.7,0.0
2024-04-08,14.1,0.0
2024-04-09,17.5,0.0
2024-04-10,19.6,0.0
2024-04-11,19.1,13.7
2024-04-12,18.1,8.8
2024-04-13,16.2,0.0
2024-04-14,19.1,0.0
2024-04-15,22.1,3.6
2024-04-16,19.4,0.0
2024-04-17,18.1,0.0
2024-04-18,19.3,0.0
2024-04-19,12.8,0.6
2024-04-20,17.2,2.2
2024-04-21,11.5,0.0
2024-04-22,12.1,0.0
2024-04-23,14.8,0.0
2024-04-24,18.9,0.0
2024-04-25,13.8,0.0
2024-04-26,13.1,0.0
2024-04-27,13.2,0.8
2024-04-28,19.4,0.0
2024-04-29,24.0,0.0
2024-04-30,23.2,0.0
2024-05-01,23.4,0.0
2024-05-02,24.4,0.0
2024-05-03,20.3,0.0
2024-05-04,12.3,19.2
2024-05-05,17.0,13.9
2024-05-06,21.7,1.6
2024-05-07,22.4,9.7
2024-05-08,25.4,0.0
2024-05-09,21.2,5.3
2024-05-10,14.1,4.1
2024-05-11,13.7,2.9
2024-05-12,15.2,14.0
2024-05-13,17.9,0.0
2024-05-14,18.4,6.4
2024-05-15,17.6,5.3
2024-05-16,21.1,0.0
2024-05-17,19.1,0.0
2024-05-18,17.5,23.3
2024-05-19,20.1,0.0
2024-05-20,20.1,0.0
2024-05-21,22.4,0.0
2024-05-22,24.3,0.0
2024-05-23,25.3,0.8
2024-05-24,25.5,0.3
2024-05-25,25.6,0.3
2024-05-26,25.4,0.8
2024-05-27,23.3,1.5
2024-05-28,22.8,0.0
2024-05-29,19.2,14.4
2024-05-30,19.5,0.0
2024-05-31,19.9,0.0
2024-06-01,21.5,0.0
2024-06-02,22.9,0.4
2024-06-03,25.4,11.3
2024-06-04,26.2,0.0
2024-06-05,24.6,7.9
2024-06-06,26.6,2.1
2024-06-07,26.4,0.0
2024-06-08,24.6,0.0
2024-06-09,24.9,0.0
2024-06-10,23.6,0.9
2024-06-11,20.8,1.2
2024-06-12,22.6,0.0
2024-06-13,26.0,0.0
2024-06-14,27.5,0.8
2024-06-15,25.4,0.0
2024-06-16,25.7,0.0
2024-06-17,27.0,0.0
2024-06-18,28.0,0.0
2024-06-19,27.2,0.0
2024-06-20,27.5,0.0
2024-06-21,28.8,0.0
2024-06-22,30.9,0.0
2024-06-23,31.8,0.0
2024-06-24,29.6,0.0
2024-06-25,27.9,0.0
2024-06-26,29.8,2.1
2024-06-27,27.0,2.5
2024-06-28,25.5,0.0
2024-06-29,27.8,0.0
2024-06-30,30.0,4.4
2024-07-01,24.5,0.0
2024-07-02,24.5,0.0
2024-07-03,25.7,0.0
2024-07-04,27.4,6.6
2024-07-05,28.7,0.0
2024-07-06,32.1,0.0
2024-07-07,31.9,0.0
2024-07-08,31.4,0.0
2024-07-09,31.1,0.0
2024-07-10,31.6,3.3
2024-07-11,28.9,0.0
2024-07-12,27.1,3.8
2024-07-13,27.4,1.3
2024-07-14,31.1,0.0
2024-07-15,32.2,0.0
2024-07-16,32.3,0.0
2024-07-17,32.7,12.2
2024-07-18,27.2,0.0
2024-07-19,27.1,0.0
2024-07-20,26.2,0.5
2024-07-21,26.9,0.0
2024-07-22,26.5,39.9
2024-07-23,26.7,0.3
2024-07-24,26.9,0.0
2024-07-25,26.4,32.5
2024-07-26,25.6,0.0
2024-07-27,26.2,0.0
2024-07-28,26.8,0.0
2024-07-29,27.7,6.6
2024-07-30,26.8,1.0
2024-07-31,26.7,14.5
2024-08-01,29.7,0.0
2024-08-02,31.3,0.3
2024-08-03,27.9,3.0
2024-08-04,26.7,3.2
2024-08-05,28.8,0.0
2024-08-06,29.2,0.0
2024-08-07,27.6,13.3
2024-08-08,26.0,58.0
2024-08-09,27.0,29.8
2024-08-10,27.9,1.0
2024-08-11,25.1,0.0
2024-08-12,25.0,0.0
2024-08-13,25.2,0.0
2024-08-14,25.0,0.0
2024-08-15,26.1,0.0
2024-08-16,26.5,0.0
2024-08-17,25.4,29.1
2024-08-18,25.8,0.0
2024-08-19,26.0,6.7
2024-08-20,21.4,0.0
2024-08-21,20.2,0.0
2024-08-22,21.0,0.0
2024-08-23,22.8,0.0
2024-08-24,23.6,0.0
2024-08-25,24.7,0.0
2024-08-26,25.5,0.9
2024-08-27,27.8,0.0
2024-08-28,30.3,0.0
2024-08-29,28.2,
2024-08-30,22.9,
2024-08-31,24.0,
2024-09-01,25.1,
2024-09-02,24.0,0.0
2024-09-03,20.5,0.0
2024-09-04,20.5,0.0
2024-09-05,21.4,0.0
2024-09-06,22.0,0.0
2024-09-07,20.5,0.0
2024-09-08,18.9,0.0
2024-09-09,19.8,0.0
2024-09-10,22.6,0.0
2024-09-11,23.8,0.0
2024-09-12,23.3,0.0
2024-09-13,23.3,0.0
2024-09-14,23.8,0.0
2024-09-15,22.8,0.0
2024-09-16,21.6,0.0
2024-09-17,22.8,1.1
2024-09-18,22.6,25.2
2024-09-19,24.7,0.0
2024-09-20,24.0,0.0
2024-09-21,23.8,9.1
2024-09-22,22.0,8.1
2024-09-23,19.8,3.3
2024-09-24,18.9,1.9
2024-09-25,21.0,8.2
2024-09-26,24.2,3.4
2024-09-27,24.2,12.6
2024-09-28,25.5,2.4
2024-09-29,21.1,0.0
2024-09-30,19.5,5.6
2024-10-01,19.3,6.0
2024-10-02,19.4,0.1
2024-10-03,21.4,0.1
2024-10-04,21.7,0.0
2024-10-05,21.9,0.0
2024-10-06,19.4,0.0
2024-10-07,20.5,0.0
2024-10-08,16.8,0.0
2024-10-09,17.2,0.0
2024-10-10,15.0,0.0
2024-10-11,15.1,0.0
2024-10-12,18.7,0.0
2024-10-13,20.4,0.0
2024-10-14,17.7,0.0
2024-10-15,12.0,0.0
2024-10-16,11.4,0.0
2024-10-17,11.5,0.0
2024-10-18,14.0,0.0
2024-10-19,15.0,0.0
2024-10-20,15.7,0.0
2024-10-21,17.8,0.0
2024-10-22,18.4,0.0
2024-10-23,18.2,0.0
2024-10-24,18.3,0.0
2024-10-25,14.5,0.0
2024-10-26,16.8,0.0
2024-10-27,12.0,0.0
2024-10-28,12.5,0.0
2024-10-29,14.0,0.0
2024-10-30,18.0,0.0
2024-10-31,21.5,0.0
2024-11-01,22.6,0.0
2024-11-02,14.4,0.0
2024-11-03,11.7,0.0
2024-11-04,12.8,0.0
2024-11-05,18.9,0.0
2024-11-06,21.7,0.0
2024-11-07,22.1,0.0
2024-11-08,19.4,0.0
2024-11-09,12.9,0.0
2024-11-10,11.6,4.8
2024-11-11,19.1,3.4
2024-11-12,13.9,0.0
2024-11-13,7.5,0.0
2024-11-14,9.1,3.9
2024-11-15,10.6,1.7
2024-11-16,13.9,0.0
2024-11-17,10.8,0.0
2024-11-18,14.6,0.0
2024-11-19,14.1,0.2
2024-11-20,14.7,5.2
2024-11-21,8.5,4.0
2024-11-22,4.6,9.8
2024-11-23,10.6,0.0
2024-11-24,11.5,0.0
2024-11-25,10.6,0.0
2024-11-26,14.1,0.9
2024-11-27,10.8,0.0
2024-11-28,10.6,6.2
2024-11-29,5.8,0.0
2024-11-30,1.5,0.0
2024-12-01,3.1,0.0
2024-12-02,1.9,0.0
2024-12-03,2.1,0.0
2024-12-04,2.8,0.0
2024-12-05,3.9,1.1
2024-12-06,0.7,0.0
2024-12-07,2.2,0.0
2024-12-08,9.8,0.0
2024-12-09,8.8,
2024-12-10,8.9,
2024-12-11,11.9,
2024-12-12,4.1,0.0
2024-12-13,2.1,0.0
2024-12-14,1.9,0.0
2024-12-15,3.2,4.4
2024-12-16,6.5,6.7
2024-12-17,12.8,0.2
2024-12-18,9.1,5.6
2024-12-19,7.1,0.8
2024-12-20,4.1,0.3
2024-12-21,2.6,0.0
2024-12-22,-1.0,0.0
2024-12-23,-2.0,0.0
2024-12-24,1.9,0.3
2024-12-25,4.9,0.0
2024-12-26,3.0,0.0
2024-12-27,5.3,0.0
2024-12-28,8.0,14.0
2024-12-29,14.7,9.3
2024-12-30,13.6,0.0
2024-12-31,9.8,3.3
2025-01-01,8.5,0.0
2025-01-02,4.5,0.0
2025-01-03,2.3,1.4
2025-01-04,-0.8,0.0
2025-01-05,-0.4,0.0
2025-01-06,-1.5,23.2
2025-01-07,-1.7,0.0
2025-01-08,-1.6,0.0
2025-01-09,-2.0,0.0
2025-01-10,-1.0,0.2
2025-01-11,0.6,2.8
2025-01-12,1.6,0.0
2025-01-13,3.2,0.0
2025-01-14,0.6,0.0
2025-01-15,-2.4,0.0
2025-01-16,-1.7,0.3
2025-01-17,2.9,0.0
2025-01-18,3.5,0.8
2025-01-19,2.1,8.4
2025-01-20,-4.0,0.0
2025-01-21,-7.0,0.0
2025-01-22,-6.9,0.0
2025-01-23,-5.0,0.0
2025-01-24,-1.1,0.0
2025-01-25,-0.1,0.0
2025-01-26,3.8,0.0
2025-01-27,3.2,0.0
2025-01-28,5.4,0.0
2025-01-29,9.9,0.0
2025-01-30,7.4,0.0
2025-01-31,8.5,19.8
2025-02-01,9.6,0.0
2025-02-02,0.9,0.0
2025-02-03,4.8,0.0
2025-02-04,10.6,0.0
2025-02-05,4.4,1.3
2025-02-06,3.2,21.6
2025-02-07,8.1,0.0
2025-02-08,3.2,1.3
2025-02-09,4.2,0.0
2025-02-10,4.7,0.0
2025-02-11,2.0,15.2
2025-02-12,0.8,3.6
2025-02-13,4.6,4.8
2025-02-14,3.8,0.0
2025-02-15,3.1,11.9
2025-02-16,7.7,11.9
2025-02-17,3.9,0.0
2025-02-18,0.2,0.0
2025-02-19,-4.4,0.0
2025-02-20,-2.8,0.0
2025-02-21,-0.4,0.0
2025-02-22,0.6,0.0
2025-02-23,4.4,0.0
2025-02-24,6.9,0.0
2025-02-25,10.6,0.0
2025-02-26,11.4,0.0
2025-02-27,12.8,0.5
2025-02-28,11.3,0.0
2025-03-01,11.4,0.0
2025-03-02,0.2,0.0
2025-03-03,2.6,0.0
2025-03-04,8.3,0.0
2025-03-05,14.1,17.8
2025-03-06,9.7,0.0
2025-03-07,7.2,0.0
2025-03-08,9.2,0.0
2025-03-09,7.9,0.0
2025-03-10,11.3,0.0
2025-03-11,12.7,0.0
2025-03-12,14.8,0.0
2025-03-13,9.1,0.0
2025-03-14,8.8,0.0
2025-03-15,10.2,0.0
2025-03-16,17.3,5.3
2025-03-17,14.3,1.8
2025-03-18,10.4,0.0
2025-03-19,14.6,0.0
2025-03-20,16.6,9.4
2025-03-21,10.7,0.0
2025-03-22,13.3,0.0
2025-03-23,10.2,0.0
2025-03-24,11.5,3.6
2025-03-25,14.3,0.0
2025-03-26,11.5,0.0
2025-03-27,9.1,0.0
2025-03-28,13.9,0.0
2025-03-29,20.1,0.0
2025-03-30,22.3,0.0
2025-03-31,23.1,25.4
2025-04-01,13.2,0.0
2025-04-02,11.3,0.0
2025-04-03,17.2,0.0
2025-04-04,22.8,1.0
2025-04-05,19.6,0.0
2025-04-06,16.1,0.3
2025-04-07,10.5,20.1
2025-04-08,7.8,0.0
2025-04-09,6.6,0.0
2025-04-10,11.0,0.0
2025-04-11,9.9,36.1
2025-04-12,9.4,2.3
2025-04-13,12.2,0.0
2025-04-14,15.4,1.8
2025-04-15,17.7,0.3
2025-04-16,13.1,0.0
2025-04-17,12.5,0.0
2025-04-18,16.7,0.0
2025-04-19,23.2,0.0
2025-04-20,23.1,0.0
2025-04-21,18.8,0.0
2025-04-22,22.6,0.0
2025-04-23,20.3,0.0
2025-04-24,19.7,0.0
2025-04-25,19.7,1.0
2025-04-26,21.2,14.0
2025-04-27,15.5,0.0
2025-04-28,17.9,0.0
2025-04-29,20.3,0.0
2025-04-30,24.7,0.3
2025-05-01,22.1,0.0
2025-05-02,24.6,0.0
2025-05-03,23.9,7.9
2025-05-04,20.8,5.6
2025-05-05,20.2,16.3
2025-05-06,19.3,0.5
2025-05-07,19.1,0.0
2025-05-08,20.1,0.8
2025-05-09,16.9,25.1
2025-05-10,15.6,0.0
2025-05-11,19.8,0.0
2025-05-12,20.5,0.0
2025-05-13,19.6,40.1
2025-05-14,19.3,16.8
2025-05-15,21.3,0.0
2025-05-16,23.4,7.6
2025-05-17,23.3,0.0
2025-05-18,23.5,0.0
2025-05-19,20.8,0.0
2025-05-20,17.4,0.0
2025-05-21,15.4,15.5
2025-05-22,15.1,2.8
2025-05-23,16.2,0.0
2025-05-24,16.4,0.0
2025-05-25,16.9,0.0
2025-05-26,18.2,0.0
2025-05-27,17.2,2.0
2025-05-28,14.2,29.2
2025-05-29,16.7,0.0
2025-05-30,20.9,20.1
2025-05-31,17.7,6.1
2025-06-01,15.4,0.0
